{"cameraMode":{"drawMode":0,"name":"Shaded","section":"Shading Mode"},"sceneLighting":true,"audioPlay":false,"sceneViewState":{"showFog":true,"showMaterialUpdate":false,"showSkybox":true,"showFlares":true,"showImageEffects":true,"showParticleSystems":true},"in2DMode":false,"pivot":{"x":802.5399780273438,"y":859.1885986328125,"z":578.0458984375},"rotation":{"x":0.12099411338567734,"y":0.05803573876619339,"z":-0.007086059544235468,"w":0.9909312725067139},"size":1237.0390625,"orthographic":false}