{"cameraMode":{"drawMode":0,"name":"Shaded","section":"Shading Mode"},"sceneLighting":true,"audioPlay":false,"sceneViewState":{"showFog":true,"showMaterialUpdate":false,"showSkybox":true,"showFlares":true,"showImageEffects":true,"showParticleSystems":true},"in2DMode":false,"pivot":{"x":-3.482865810394287,"y":4.774820327758789,"z":14.457313537597657},"rotation":{"x":0.17840494215488435,"y":0.82167649269104,"z":-0.38179925084114077,"w":0.38383302092552187},"size":3.382990598678589,"orthographic":false}