{"cameraMode":{"drawMode":0,"name":"Shaded","section":"Shading Mode"},"sceneLighting":true,"audioPlay":false,"sceneViewState":{"showFog":true,"showMaterialUpdate":false,"showSkybox":true,"showFlares":true,"showImageEffects":true,"showParticleSystems":true},"in2DMode":false,"pivot":{"x":-2.315216541290283,"y":-8.40719985961914,"z":-16.8730525970459},"rotation":{"x":0.03688472881913185,"y":-0.9368401765823364,"z":0.33192363381385805,"w":0.10416066646575928},"size":36.41987609863281,"orthographic":false}