{"cameraMode":{"drawMode":0,"name":"Shaded","section":"Shading Mode"},"sceneLighting":true,"audioPlay":false,"sceneViewState":{"showFog":true,"showMaterialUpdate":false,"showSkybox":true,"showFlares":true,"showImageEffects":true,"showParticleSystems":true},"in2DMode":false,"pivot":{"x":-2.9024744033813478,"y":0.24634766578674317,"z":-6.086723327636719},"rotation":{"x":0.2957007884979248,"y":-0.6146263480186462,"z":0.2670556902885437,"w":0.680828869342804},"size":4.101229667663574,"orthographic":false}